Cliente,Pedido,Campanha ,Ajuste,Status Aprovação,Arte Veiculando,Total,Observações,,
"CESAR DE ALMEIDA ,-12314,400.282,Não teve,Aprovada,AD creator,""R$ 323,00"",Ad creator,,"
"JU MARQUESI BRAND - [,-12321,400.350,Não teve,Aprovada,Cliente,""R$ 523,00"",Feedbaxk,,"
"ALEXANDRE ALVES DE SOUZA -,12316,400.294,Não teve,Aprovada,Cliente,""R$ 936,00"",Feedback,,"
"LC1 COMERCIO DE REFEIÇÕES -,12290,400.247,Não teve,Aprovada,Cliente,""R$ 11.122,00"",Aprovada sem feedback,,"
"53.727.873 KATARINA HOSAN ,12313,400.278,Não teve,Aprovada,AD creator,""R$ 333,00"",AD Creator,,"
"RODRIGO PERIN FERNANDES ,12319,400.304,Não teve,Aprovada,Cliente,""R$ 99,00"",Aprovada sem feedback,,"
12/06/2025,,,,,,,,,
"HELP! SUPORTE ADMINISTRAT -,12263,399.915,Não teve,Aprovada,AD creator,""R$ 1.219,00"",feedback,,"
RAQUEl,- 12296 ],,,Aprovada,,,,,
RPC REDE PONTO CERTO TECN ,11941 ],,,Aprovada,,,,,
EDITORA PENSAMENTO-CULTRI - [,11973,,,Aprovada,,,,,
"DIEGO GONÇALVES LEITE ,12249,399.811,Teve,Aprovada,Designer,""R$ 227,00"",Designer Amanda,https://www.canva.com/design/DAGp_vk-NNU/Ug3COkFPIIU-OU7alj-9-Q/edit,"
"ANTILHAS NOVA CARRÃO INCO ,12276,400.163,Teve,Aprovada,Designer,""R$ 1.372,00"",Designer Ka,,"
"INSTITUTO CULTURAL BRASIL ,-12258,400.161,Não teve,Aprovada,Cliente,""R$ 5.810,00"",Aprovada sem feedback,,"
"TR. SOLUCOES METALICAS E,12302,400.162,Não teve,Aprovada,Designer,""R$ 769,00"",Antõnio,,"
"JULIANA PEREIRA GOMES,12301 ],400.160,Não teve,Aprovada,AD creator,""R$ 323,00"",Ad creator,,"
"DANIEL FIRMINO,12267,399.958,Não teve,Aprovada,Designer,""R$ 400,00"",Antõnio,,"
11/06/2025,,,,,,,,,
"Cliente do Trolezi,12287,400093,Teve,Aprovada,Designer,""R$ 995,00"",RECRIADA PELA AMANDA,https://www.canva.com/design/DAGqFvdf7w4/rr-X5uY1BDAJeC3d3PC6vA/edit,"
"SEI INCORPORACAO E PARTIC ,12295,400.137,Não teve,Aprovada,Cliente,""R$ 999,00"",Feedbak,,"
"Omar Paulo Salemi,12275,400.097,Teve,Aprovada,Cliente,""R$ 693,00"",feedback ,,"
"ISIS SANTOS MACHADO,12285,400.089,Não teve,Aprovada,Cliente,""R$ 99,00"",Aprovada sem feedback,,"
"JOSÉ CARLOS DE ARAUJO NET, - 12283 ],400.082,Teve,Aprovada,Cliente,""R$ 1.167,00"",Oferecemos arte,,"
"CHARLOTTE CRAFF ,12255,400.092,Não teve,Aprovada,Cliente,""R$ 6.249,00"",Aprovado sem feedback ,,"
"ESTUDIO FOR YOU ,12240,399.684,Não teve,Aprovada,Cliente,""R$ 399,00"",Aprovada sem feedback,,"
"DANIELA TURIBIO - [,12226,399.563,Não teve,Aprovada,Cliente,""R$ 1.122,00"",Aprovada sem feedback,,"
"NAMBU IMÓVEIS LTDA,-12281,400.076,Não teve,Aprovada,Cliente,""R$ 323,00"",feedback ,,"
"ASTER FORNERIA BAR E REST ,12272,399.996,Teve,Aprovada,Cliente,""R$ 1.098,00"",feedback ,,"
"TEREZINHA DE FATIMA FERRE,12278,400.039,Teve,Aprovada,Cliente,""R$ 2.067,00"",Aprovada sem feedback,,"
"ÍRIS GUEDES ,-12270,399.975,Não teve,Aprovada,AD creator,""R$ 194,00"",Ad creator,,"
"TELEMATE SERVIÇOS ELETRIC,12259,399.912,Não teve,Aprovada,Cliente,""R$ 2.263,00"",feedback ,,"
"LUCIA ANTONIA RAMOS DE SI -,-12268,399.961,Não teve,Aprovada,AD creator,""R$ 174,00"",Ad creator,,"
"MARIANA CANDIDO DE MIRAND ,12269,399.971,Não teve,Aprovada,Cliente,""R$ 1.164,00"",feedback ,,"
"MORUMBI ASSISTÊNCIA A PAC,12266,399.952,Não teve,Aprovada,Cliente,""R$ 1.164,00"",feedback ,,"
"PHAMELA CORBACHO,12260,399.910,Teve,Aprovada,Cliente,""R$ 0,00"",Aprovado sem feedback,,"
"LSG A C P LTDA,12250,399.818,Não teve,Aprovada,Cliente,""R$ 195,00"",feedback ,,"
10/06/2025,,,,,,,,,
"Cliente da Pri - IN LIFESTYLE CORPO E MENTE EM EQUILIBRIO,12152,399950,Teve,Aprovada,Cliente,""R$ 3.315,00"",""Seria legal um feedback, POREM ESTOU CORINGADA NO MOMENTO, FICARÁ PENDENTE"",https://www.canva.com/design/DAGp_WqpGkI/HBPK6MoCLe1tBo3W1D-DkQ/edit?ui=eyJBIjp7Ik8iOnsiQiI6dHJ1ZX19LCJGIjp7fX0,"
Cliente da Mari - Circuito Aeroporto,-,-,Teve,,Cliente,-,aprovado sem feedback,,
Cliente da Mari - Circuito Aeroporto,-,-,Teve,,Cliente,-,aprovado sem feedback,,
Cliente da Mari - Circuito Aeroporto,-,-,Teve,,Cliente,-,aprovado sem feedback,,
Cliente da Mari - Circuito Aeroporto,-,-,Teve,,Cliente,-,aprovado sem feedback,,
Cliente da Mari - Circuito Aeroporto,-,-,Teve,,Cliente,-,aprovado sem feedback,https://www.canva.com/design/DAGp_igfDho/3-aVlgVQ4HVurY9_CLpdkA/edit,
Cliente da Mari - Circuito Aeroporto,-,-,Teve,,Cliente,-,aprovado sem feedback,https://www.canva.com/design/DAGp_lip1QY/tUedOAgxoO1rnx3nZZ8R5Q/edit,
Cliente da Mari - Circuito Aeroporto,-,-,Teve,,Cliente,-,aprovado sem feedback,https://www.canva.com/design/DAGp_n1OEgo/qeVTf08TwZzpDpvA55Q_7A/edit?ui=eyJBIjp7Ik8iOnsiQiI6dHJ1ZX19LCJGIjp7fX0,
Cliente da Mari - Circuito Aeroporto,-,-,Teve,,Cliente,-,aprovado sem feedback,https://www.canva.com/design/DAGp_j6PKMo/wvNJAbVOh4qa8IZGB5_-ug/edit?ui=eyJBIjp7Ik8iOnsiQiI6dHJ1ZX19LCJGIjp7fX0,
Cliente da Mari - Circuito Aeroporto,-,-,Teve,,Cliente,-,aprovado sem feedback,https://www.canva.com/design/DAGp_n4J5Bc/pBkgGml_A9lB-TA6SzKmjQ/edit?ui=eyJBIjp7Ik8iOnsiQiI6dHJ1ZX19LCJGIjp7fX0,
Cliente da Mari - Circuito Aeroporto,-,-,Teve,,Cliente,-,aprovado sem feedback,https://www.canva.com/design/DAGp_jtJMgQ/TD_THFqcEPn6tP84S7KFQw/edit?ui=eyJBIjp7Ik8iOnsiQiI6dHJ1ZX19LCJGIjp7fX0,
Cliente da Mari - Circuito Aeroporto,-,-,Teve,,Cliente,-,aprovado sem feedback,https://www.canva.com/design/DAGp_qhZBhg/GseEaHavFO9SosOpHBEDfQ/edit,
Cliente da Mari - Circuito Aeroporto,-,-,Teve,,Cliente,-,aprovado sem feedback,https://www.canva.com/design/DAGp_qhZBhg/GseEaHavFO9SosOpHBEDfQ/edit?ui=eyJBIjp7Ik8iOnsiQiI6dHJ1ZX19LCJGIjp7fX0,
Cliente da Mari - Circuito Aeroporto,-,-,Teve,,Cliente,-,aprovado sem feedback,https://www.canva.com/design/DAGp_nQewO0/KpArXJSr3VLNSO1Ljw9-Mw/edit?ui=eyJBIjp7Ik8iOnsiQiI6dHJ1ZX19LCJGIjp7fX0,
Cliente da Mari - Circuito Aeroporto,-,-,Teve,,Cliente,-,aprovado sem feedback,https://www.canva.com/design/DAGp_pawoEo/XvC_w8PmO19PRb4QHh5-jw/edit?ui=eyJBIjp7Ik8iOnsiQiI6dHJ1ZX19LCJGIjp7fX0,
Cliente da Mari - Circuito Aeroporto,-,-,Teve,,Cliente,-,aprovado sem feedback,https://www.canva.com/design/DAGp_n7VHVw/EpTIl6HSRR9knhk_XhxzuQ/edit?ui=eyJBIjp7Ik8iOnsiQiI6dHJ1ZX19LCJGIjp7fX0,
Cliente da Mari - Circuito Aeroporto,-,-,Teve,,Cliente,-,aprovado sem feedback,https://www.canva.com/design/DAGp_bLDVho/h_zg5oU-WXiVKHCLhh15ww/edit,
Cliente da Mari - Circuito Aeroporto,-,-,Teve,,Cliente,-,aprovado sem feedback,https://www.canva.com/design/DAGp_bLDVho/h_zg5oU-WXiVKHCLhh15ww/edit,
Cliente da Mari - Circuito Aeroporto,-,-,Teve,,Cliente,-,aprovado sem feedback,https://www.canva.com/design/DAGp_X65_5s/tEwm4jF1UICX5e2Xhmeflg/edit,
Cliente da Mari - Circuito Aeroporto,-,-,Teve,,Cliente,-,aprovado sem feedback,https://www.canva.com/design/DAGp_ajlK4c/Q5jURDlBTbCvzAKgJCZBBA/edit?ui=eyJBIjp7Ik8iOnsiQiI6dHJ1ZX19LCJGIjp7fX0,
Cliente da Mari - Circuito Aeroporto,-,-,Teve,,Cliente,-,aprovado sem feedback,https://www.canva.com/design/DAGp_dJqHEA/BPeyFtlBVSQA8s7Hdz6okQ/edit?ui=eyJBIjp7Ik8iOnsiQiI6dHJ1ZX19LCJGIjp7fX0,
Cliente da Mari - Circuito Aeroporto,-,-,Teve,Aprovada,,,aprovado sem feedback,https://www.canva.com/design/DAGp_JP_dHs/7k5eVcciSYQT_Vj2vj_sVw/edit?ui=eyJBIjp7Ik8iOnsiQiI6dHJ1ZX19LCJGIjp7fX0,
ÂNGELA EMÍLIA GARCIA FARI ,12239,399.702,Teve,Aprovada,Cliente,,,,
"ALEXANDRE NOBRE NOBREG,12256,399877,Não teve,Aprovada,Cliente,""R$ 798,00"",aprovado sem feedback,,"
"ALPHAVILLE MOBILIARIO SOB,12248,399.810,Não teve,Aprovada,AD creator,""R$ 274,00"",Adcreator,,"
"MARIA GABRIELA ODONTOLOGI ,12245,399.774,Não teve,Aprovada,Cliente,""R$ 271,00"",aprovado sem feedback,,"
"COMERCIAL MARINETE DOCES ,12242,399.722,Teve,Aprovada,Cliente,""R$ 2.034,00"",Feedback ,,"
"SHEYLA WALESCA ALVES DAN,12244,399.750,Não teve,Aprovada,Cliente,""R$ 198,00"",aprovado sem feedback,,"
"MALFATTI CLINICA E LABORA - ,12233,399.757,Teve,Aprovada,Cliente,""R$ 775,00"",Feedback ,,"
09/06/2025,,,,,,,,,
"SEVENX PRODUCOES ARTISTICAS LTDA,12189,399341,Teve,Aprovada,Cliente,""R$ 754,00"",Aprovada Sem Feedback,,"
"BRUNO RODRIGUES , 12223 ],399.562,Não teve,Aprovada,Cliente,""R$ 194,00"",,,"
"JOANA DUPRE,12232,399.611,Não teve,Aprovada,Cliente,""R$ 164,00"",Aprovada Sem Feedback,,"
"SPB ADMINISTRACAO IMOBILI -,12238,399.671,Não teve,Aprovada,Cliente,""R$ 448,00"",Feedback,,"
"WEHANDLE CONSULTORIA EM I -,12228,399.673,Não teve,Aprovada,Cliente,""R$ 15.063,00"",Aprovada Sem Feedback,,"
"FABRÍCIO VIDA,10532,397.967,Teve,Aprovada,Cliente,""R$ 240,00"",Feedback,,"
"CAMILA ARAUJO FISIOTERAP,12212,399551,Teve,Aprovada,Cliente,""R$ 323,00"",Feedback,,"
"ANDRÉ SENA VITA,12220,399559,Não teve,Aprovada,AD creator,""R$ 349,00"",Ad creator ,,"
"SOPHIA MARTINS,12187,399.564,Não teve,Aprovada,Cliente,""R$ 0,00"",campanha bonificado ,,"
"GSR MARKET MERCADO AUTONO ,12234 ],399.629,Não teve,Aprovada,Cliente,""R$ 323,00"",Aprovada Sem Feedback,,"
"MARCELA GOUVEIA,-12231,399.593,Não teve,Aprovada,Cliente,""R$ 2.261,00"",Feedback,,"
"CDG CLINICA DE DIAGNOSTIGO EM GASTROENTEROLOGIA LTDA,12201,399474,Teve,Aprovada,Cliente,""R$ 358,00"",Aprovada Sem Feedback,,"
Ajste Bea,,,,,,,,,
"VILAINE MIRANDA,-12193,399.353,Teve,Aprovada,Designer,""R$ 2.196,00"",Ka ,,"
Ajuste Davi,,,,,,,,,
"ADA TECNOLOGIA E EDUCAÇÃO ,-12161,399.191,Não teve,Aprovada,Cliente,""R$ 5.780,00"",Aprovada se feedbak,,"
"KARINA LUCENA BOSSLE - ,,,Não teve,Aprovada,Cliente,""R$ 2.400,00"",Feedback,,"
"DEBORA CRISTINA RODRIGUES , 12216 ],,,Aprovada,Cliente,""R$ 194,00"",Aprovada se feedbak,,"
"JULIANA PEREIRA GOMES -,12147,399.550,Não teve,Aprovada,AD creator,""R$ 646,00"",Ad creator,,"
"ANTÔNIO FUMIO KINOSHITA , 12209 ],399.547,Não teve,Aprovada,Cliente,""R$ 10,00"",Aprovada sem feedback,,"
"GHADER TUFAILE ARRAJI -,12211,399.549,Não teve,Aprovada,AD creator,""R$ 194,00"",Ad creator,,"
"TOMÁS GEREMIA, 11392 ],392.789,Não teve,Aprovada,Cliente,""R$ 1.933,00"", feedback,,"
06/06/2025,,,,,,,,,
"Luciana Rodrigues,11965,397417,Teve,Aprovada,Cliente,""R$ 274,00"",FEEDBACK PENDENTE,https://www.canva.com/design/DAGpnXan3zg/2w2pfJ7U9EphhuMiVP5AwQ/edit?ui=eyJBIjp7Ik8iOnsiQiI6dHJ1ZX19LCJGIjp7fX0,"
"CDG CLINICA DE DIAGNOSTIGO EM GASTROENTEROLOGIA LTDA,12201,399474,Teve,Aprovada,Cliente,""R$ 358,00"",aprovado sem feedback,https://www.canva.com/design/DAGpnacpJdY/FDbyNldu43PlNKb_jwb3RQ/edit?ui=eyJBIjp7Ik8iOnsiQiI6dHJ1ZX19LCJGIjp7fX0,"
"G41 INTELIGENCIA CONTABIL LTDA,12200,399504,Teve,,Aguardando,""R$ 754,00"",,https://www.canva.com/design/DAGpnAkRKic/16TJgbU3Up44b7_2G5uKGg/edit?ui=eyJBIjp7Ik8iOnsiQiI6dHJ1ZX19LCJGIjp7fX0,"
"ROBERTO GIMENEZ GARCIA JU -,12174,399.123,Teve,Aprovada,Designer,""R$ 3.097,00"",Amanda recriou,https://www.canva.com/design/DAGdmXI08wY/vxoowKekG7lu4zOun3PPvQ/edit,"
"GUILHERME RIBEIRO ,12195,399.402,Teve,Aprovada,Cliente,""R$ 125,00"",,,"
"GLAUCO DA MOTA LEITÃO ,12194,399.363,Não teve,Aprovada,Cliente,""R$ 178,00"",aprovado sem feedback,,"
"ESPACO DO GLAMOUR PROCEDI -,11377,,Teve,Aprovada,Cliente,""R$ 7.140,00"",feedback,,"
"BARRA EMPREENDIMENTOS IMO,12169,399.251,Não teve,Aprovada,Cliente,""R$ 9.670,00"",aprovado sem feedback,,"
"BARRA EMPREENDIMENTOS IMO,12170,399.253,Não teve,Aprovada,Cliente,""R$ 9.670,00"",aprovado sem feedback,,"
"BARRA EMPREENDIMENTOS IMO,12171,399.252,Não teve,Aprovada,Cliente,""R$ 6.447,00"",aprovado sem feedback,,"
"TR. SOLUCOES METALICAS E,12057,398.233,Não teve,Aprovada,Designer,""R$ 549,00"",designer,,"
"DON ALIMENTO,12051,398.269,Não teve,Aprovada,Designer,""R$ 5.175,00"",designer ,,"
"MEMORIAL JARDIM DA VIDA - ,12188,399.285,Teve,Aprovada,Cliente,""R$ 969,00"",feedback,,"
05/06/2025,,,,,,,,,
Cliente da Adri - ARCHIE,CARRINHO,-,Teve,,Designer,,Arte Recriada - EM ANDAMENTO,https://www.canva.com/design/DAGphS84R9c/CVLaeBqAq3uLynpjoVz2AQ/edit?ui=eyJBIjp7Ik8iOnsiQiI6dHJ1ZX19LCJGIjp7fX0,
"Cliente da Andreia - 5ASEC,12180,399.218,Teve,Aprovada,Cliente,""R$ 904,00"",aprovado sem feedback,https://www.canva.com/design/DAGpg-dlWFI/WthEHbU0kL02EZQH-atHRA/edit?ui=eyJBIjp7Ik8iOnsiQiI6dHJ1ZX19LCJGIjp7fX0,"
"CLINICA HORIZON ,12052,,,Aprovada,Designer,""R$ 1.345,00"",designer KA,,"
"ASSOCIACAO DE PAIS E AMIG,12151,399.183,Não teve,Aprovada,Cliente,""R$ 466,00"",aprovado sem feedback,,"
"ROSIMEIRE DE CASTRO,12127,399.161,Não teve,Aprovada,Cliente,""R$ 457,00"",aprovado sem feedback,,"
"A C LAVANDERIA LTDA - [,12115,398.752,Teve,Aprovada,Cliente,""R$ 271,00"",faalr com a dani,,"
"CANDIDO IT - TECNOLOGIA D -,12024,399.119,Não teve,Aprovada,Cliente,""R$ 99,00"",feedback,,"
"DENGO HIGIENE E EMBELEZAM -,12164,399.082,Teve,Aprovada,Cliente,""R$ 2.842,00"",feedback,,"
"WS C P A E BEBIDAS LTDA -,12163,399.081,Teve,Aprovada,Cliente,""R$ 646,00"",feedback,,"
"ANDERSON COSTA FERRAZ - [S,12159,399.052,Teve,Aprovada,Cliente,""R$ 636,00"",feedback,,"
"GILMAR MOREIRA ,12167,399.085,Não teve,Aprovada,Cliente,""R$ 279,00"",feedback colocar na review,,"
"CARING CONSULTORIA E GERE - ,12004,399.038,Teve,Aprovada,Cliente,""R$ 3.323,00"",feedback,,"
"JULIANA PEREIRA GOMES - ,12166,399.084,Teve,Aprovada,Designer,""R$ 323,00"",feedback,,"
"JULIANA PEREIRA GOMES - ,12165,399.083,Teve,Aprovada,Designer,""R$ 323,00"",designer KA,,"
"CANDIDO IT - TECNOLOGIA D -,12025,399.101,Não teve,Aprovada,Cliente,""R$ 1.026,00"",feedback,,"
"LEANDRO SANTOS,12162,399.080,Não teve,Aprovada,Cliente,""R$ 194,00"",Feedback,,"
"fREEDOM NEGOCIOS IMOBILIA ,12099,398.582,Não teve,Aprovada,Designer,""R$ 17.004,00"",Aprovada sem feedback,,"
04/06/2025,,,,,,,,,
"APRF - ASSOCIACAO DOS PAR,12153,399.023,Não teve,Aprovada,Cliente,""R$ 4.800,00"",Aprovada sem feedback,,"
"MIX MARKET PRODUTOS NATUR -,12124,399.050,Não teve,Aprovada,Cliente,""R$ 1.033,00"",Aprovada sem feedback,,"
"MD ASSESSORIA EMPRESARIAL,11935,397.553,Não teve,Aprovada,Cliente,""R$ 11.000,00"",Aprovada sem feedback,,"
"JULIO ADRIÃO PRODUÇÕES AR,12103,398.783,Não teve,Aprovada,Cliente,""R$ 10.000,00"",Aprovada sem feedback,,"
"EDUARDO PERSEU GONÇALVES ,12142,399.009,Não teve,Aprovada,Cliente,""R$ 299,00"",feedback ,,"
"ERK SYSTEM LTDA - [SMB -,11989,398.317,Não teve,Aprovada,Cliente,""R$ 2.631,00"",Estática,,"
"F&F STUDIO BIKE MOOCA SAO -,12141,399.004,Não teve,Aprovada,Cliente,""R$ 776,00"",Aprovada sem feedback,,"
"STOCOM COMUNICAÇÃO - ,12155,398.992,Não teve,Aprovada,Cliente,""R$ 388,00"",Ad creator,,"
"BRUNO HENRIQUE ALVES DANT ,12150,398.951,Não teve,Aprovada,Cliente,""R$ 356,00"",Aprovada ,,"
"MICHEL RABETTI -,11561,394.437,Não teve,Aprovada,Cliente,""R$ 891,00"",feedback ,,"
"JULIANA PEREIRA GOMES - ,12144,398.895,Teve,Aprovada,Designer,""R$ 269,00"",designer KA,,"
"DIEGO VOLPATO ,12143,398.882,Não teve,Aprovada,Cliente,""R$ 323,00"",feedback ,,"
"PADARIA & CONFEITARIA SAI - [S,12132,398.908,Teve,Aprovada,Designer,""R$ 823,00"",designer KA,,"
"PADARIA & CONFEITARIA SAI - [S,12133,398.909,Teve,Aprovada,Designer,""R$ 823,00"",designer KA,,"
"PADARIA & CONFEITARIA SAI - [S,12129,398.906,Teve,Aprovada,Designer,""R$ 1.104,00"",designer KA,,"
"BRUNO RIBEIRO FREIRE ,-12145,398.898,Não teve,Aprovada,Cliente,""R$ 99,00"",feedback chamar no wpp,,"
"ESCOLA DE DESENVOLVIMENTO INFANTIL LTDA,12034,398714,Teve,Aprovada,Cliente,""R$ 2.619,00"",Aprovado sem feedback,,"
"Moisés Ganan Imóveis,12154,398970,Teve,Aprovada,Designer,""R$ 549,00"",designer AMANDA,,"
"PADARIA & CONFEITARIA SAI - [S,12130,398.907,Teve,Aprovada,Designer,""R$ 1.500,00"",designer KA,,"
"DELTAX SERVIÇOS LTDA -,12044,398.133,Não teve,Aprovada,Cliente,""R$ 549,00"",Estático ,,"
ASSOCIACAO DE PAIS E AMIG ,,,,,,,,,
"NEW VITALE CABELEIREIROS -,12131,398.859,Não teve,Aprovada,Cliente,""R$ 494,00"",feedback ,,"
"ACCESS MKT EVENTOS E VIAG ,12136,398.878,Não teve,Aprovada,Cliente,""R$ 2.115,00"",Aprovado sem feedback,,"
"LAVANDERIA PREMIUM LTDA ,12140,398.881,Não teve,Aprovada,Designer,""R$ 1.746,00"",designer,,"
"MEI CONECTA,12104,398.636,Teve,Aprovada,Cliente,""R$ 2.664,00"",Feedback,,"
"FABIO PAE,12084,398.436,Não teve,Aprovada,AD creator,""R$ 646,00"",AD creator,,"
"FABIO PAE,12123,398.791,Não teve,Aprovada,AD creator,""R$ 290,00"",AD creator,,"
"JULIANA PEREIRA GOMES,12110,398.701,Teve,Aprovada,Designer,""R$ 323,00"",Criação nossa,,"
"ZAFIRA ATACADO LTDA -,11944,397.325,Não teve,Aprovada,Cliente,""R$ 4.882,00"",estático ,,"
"RPC REDE PONTO CERTO TECN -,11940,397.405,Não teve,Aprovada,Cliente,""R$ 1.314,00"",estático ,,"
04/06/2025,,,,,,,,,
Cliente da Andreia,-,-,Teve,,Aguardando,-,,https://www.canva.com/design/DAGpUxn10Fs/GVskEBY0jUNsViqwxQzMmw/edit?ui=eyJBIjp7Ik8iOnsiQiI6dHJ1ZX19LCJGIjp7fX0,
Rodrigo Toscano de Brito,11.838,396358,Teve,Ação necessária,Cliente,,,https://www.canva.com/design/DAGpU-VyjOw/ByX70kVErigSonc6tnBrNQ/edit?ui=eyJBIjp7Ik8iOnsiQiI6dHJ1ZX19LCJGIjp7fX0,
"DANIELA BONDEZAN DOS REIS,12121,398.777,Teve,Aprovada,Cliente,""R$ 236,00"",feedback,,"
"SANTMARTIN SEGUROS COMERC -,7343,398.689,Não teve,Aprovada,Cliente,""R$ 538,00"",Mnadar feedback,,"
"LUCAS FARIA DE OLIVEIRA,12075,398.449,Teve,Aprovada,Aguardando,""R$ 1.276,00"",oferecemos arte,,"
"NOSSO LAR SUPERMERCADOS,12116,398.759,Teve,Aprovada,Cliente,""R$ 398.759,00"",Feedback,,"
"WENDELL LUIZ DA SILVA,12119,398.769,Não teve,Aprovada,Cliente,""R$ 226,00"",feedback,,"
"EDU WOLKAN ,12062,398.372,Teve,Aprovada,Cliente,""R$ 323,00"",Aprovada sem feedback,,"
"CIDADE DO SABER EDUCACION,12056,398.713,Não teve,Aprovada,Cliente,""R$ 3.876,00"",feedback,,"
"ESCOLA DE DESENVOLVIMENTO ,12034,398.714,Não teve,Aprovada,Cliente,""R$ 2.619,00"",Aprovada sem feedback,,"
"AXIS SOLUCOES CORPORATIVA ,12102,398.656,Não teve,Aprovada,Cliente,""R$ 620,00"",Aprovada sem feedback,,"
"JOSE CARLOS RIBEIRO DE OL ,12082,398.485,Não teve,Aprovada,Cliente,""R$ 646,00"",Dúvida ,,"
"BATS CO LTDA -,12095,398.58,Teve,Aprovada,Cliente,""R$ 7.113,00"",Aprovada sem feedback,,"
"BATS CO LTDA -,12095,398.58,Teve,Aprovada,Cliente,""R$ 6.040,00"",Aprovada sem feedback,,"
"DEISIANE ESTEVAM ,12067,398.380,Não teve,Aprovada,Cliente,""R$ 99,00"",Aprovada sem feedback,,"
"CAIO PEIXOTO TARGINO DE M,11992,397.669,Não teve,Aprovada,Designer,""R$ 1.299,00"",DESGINER,,"
"CLIENTE ANÔNIM,12074,398.429,Teve,Aprovada,Cliente,""R$ 1.973,00"",feedback,,"
"FUNDACAO CPQD - CENTRO DE -,11726,396.679,Não teve,Aprovada,Cliente,""R$ 8.318,00"",Aprovada sem feedback,,"
"CLIENTE ANÔNIM,12073,398.429,Teve,Aprovada,Cliente,""R$ 323,00"",feedback,,"
"REDWOOD BURGUER E GRILL L -,12064,398.400,Não teve,Aprovada,Cliente,""R$ 17.206,00"",FEEDBACK,,"
03/06/2025,,,,,,,,,
" GAR CONSULTORIA EM PLANEJAMENTO PATRIMONIAL LTDA,11967,397427,Teve,Aprovada,Cliente,""R$ 359,00"",aprovado sem feedback,https://www.canva.com/design/DAGpPPtb_8s/GBluNQ-j5F8Adpg3vaceYQ/edit?ui=eyJBIjp7Ik8iOnsiQiI6dHJ1ZX19LCJGIjp7fX0,"
"Coco Bambu Osasco,11.853,396540,Teve,Aprovada,Cliente,""R$ 2.040,00"",aprovado sem feedback,,"
"DEBORAH KITASATO ,11855,396.543,Teve,Aprovada,Cliente,""R$ 4.199,00"",,,"
"NORIMAR DAINA PATTI,12101,398.590,Não teve,Aprovada,Cliente,""R$ 99,00"",Feedback,,"
"Tatiana Fiscina de Santana,11597,394835,Teve,Aprovada,Cliente,""R$ 5.523,00"",aprovado sem feedback,,"
"BATS CO LTDA -,12095,398.589,Teve,Aprovada,Cliente,""R$ 6.040,00"",Feedback,,"
JANOVSKY MEDICINA DIAGNOS ,12008,,,,,,,,
"IDT BRASIL TELECOMUNICACO ,11861,396.607,Teve,Aprovada,Cliente,""R$ 849,00"",FEEDBACK oferecer arte,,"
"RICARDO FERRAZ DA SILVA - ,12092,398.531,Teve,Aprovada,Cliente,""R$ 452,00"",feedback ,,"
"CÁLCULO JURÍDICO SOFTWARE,12091,398.527,Teve,Aprovada,Cliente,""R$ 2.795,00"",Aprovado sem feedback,,"
"D.J.D COMERCIO LTDA - [,12094,398.533,Não teve,Aprovada,Cliente,""R$ 823,00"",Aprovado sem feedback,,"
"BEATITUDE PILATES -,12098,398.562,Não teve,Aprovada,Designer,""R$ 154,00"",designer,,"
"EDU WOLKAN ,12065,398.370,Teve,Aprovada,Cliente,""R$ 0,00"",Aprovadao sem feedback ,,"
"ALEXANDRE PASSOS,12088,398.470,Não teve,Aprovada,Cliente,""R$ 872,00"",feecback,,"
"FABIO PAES,12084,398.436,Não teve,Aprovada,Cliente,""R$ 646,00"",Feedback,,"
"RENATO VITAL PEIGO -,12083,398.435,Não teve,Aprovada,Cliente,""R$ 323,00"",aprovada sem feedback ,,"
CLIENTE ANÔNIMO -,12074/ 12073,,,,,,,,
"BY TEACHING ,12085,398.437,Não teve,Aprovada,Cliente,""R$ 194,00"",feedback,,"
"CONSELHOS DO BEM LTDA -,12038,398.140,Não teve,Aprovada,Designer,""R$ 11.706,00"",designer,,"
"COMERCIAL MUNIQUE DE ALIM,12076,398.430,Não teve,Aprovada,Cliente,""R$ 323,00"",aprovado sem feedback,,"
"RAINHA DO DERBY PADARIA & ,12077,398.431,Não teve,Aprovada,Designer,""R$ 14.233,00"",designer,,"
"RAINHA DO DERBY PADARIA & ,12080,,Não teve,Aprovada,Designer,""R$ 4.070,00"",desgner,,"
"RAINHA DO DERBY PADARIA & -,12079,398.433,Não teve,Aprovada,Designer,""R$ 55.686,00"",desifner,,"
"ANTIX CONFECÇÕES LTDA ,12061,398.357,Não teve,Aprovada,Cliente,""R$ 3.359,00"",feedback,,"
"DANIEL FIRMINO ,12013,397.901,Não teve,Aprovada,Cliente,""R$ 1.926,00"",""Oferecemos arte, feedback"",,"
"COMPUTER SOLUCÕES EM TI L - ,12058,398.267,Teve,Aprovada,Cliente,""R$ 11,00"",Aprovada sem feedback,,"
"RAINHA DO DERBY PADARIA & -,12078,398.432,Não teve,Aprovada,Designer,""R$ 15.567,00"",Arte nossa,,"
30/05/2025,,,,,,,,,
"CLINICA MEDICA ZAMPIERI MONTALDI LTDA,12072,398412,Teve,Aprovada,Cliente,""R$ 274,00"",Feedback,https://www.canva.com/design/DAGo9RzS2yo/lQ72Xqcv5MraQtflQ9W6AA/edit?ui=eyJBIjp7Ik8iOnsiQiI6dHJ1ZX19LCJGIjp7fX0,"
"CLINICA MEDICA ZAMPIERI MONTALDI LTDA,12071,398410,Teve,Aprovada,Cliente,""R$ 274,00"",Feedback,https://www.canva.com/design/DAGo9c-NT1k/7I5aZ4nwcaTLO0bkfNHPbw/edit?ui=eyJBIjp7Ik8iOnsiQiI6dHJ1ZX19LCJGIjp7fX0,"
"CLINICA MEDICA ZAMPIERI MONTALDI LTDA,12070,,Teve,Aprovada,Cliente,""R$ 274,00"",Feedback,https://www.canva.com/design/DAGo9dYW584/gpOD31XOiONahXenl0AS2g/edit?ui=eyJBIjp7Ik8iOnsiQiI6dHJ1ZX19LCJGIjp7fX0,"
"CLINICA MEDICA ZAMPIERI MONTALDI LTDA,12069,398411,Teve,Aprovada,Cliente,""R$ 274,00"",Feedback,https://www.canva.com/design/DAGo9aE1_B4/uZlw2T6AC0INcAqmIw2RVA/edit?ui=eyJBIjp7Ik8iOnsiQiI6dHJ1ZX19LCJGIjp7fX0,"
"APRF - ASSOCIACAO DOS PAR ,12053,398.292,Teve,Aprovada,Cliente,""R$ 4.006,00"",,,"
"NSTITUTO DE PESQUISA EDU ,12050,398.280,Teve,Aprovada,Cliente,""R$ 1.996,00"",Aprovada sem feedback,,"
"LUCAS COUTINHO CARVALHO C,12055,398.222,Teve,Aprovada,Cliente,""R$ 644,00"",feedback,,"
"RAZÃO SOCIAL DROGARIA AP,11878,396.625,Teve,Aprovada,Cliente,""R$ 836,00"",Recriada,,"
"DSucesso Assessoria e consultoria,11879,396684,Não teve,Aprovada,Cliente,""R$ 1.456,00"",Feedback,,"
"PRISCILA WESTPHAL RIBEIRO,11924,397.068,Não teve,Aprovada,Designer,""R$ 299,00"",Designer ,,"
"MARCIO WRUCK,12048,398.169,Não teve,Aprovada,Cliente,""R$ 194,00"",Feedback,FALAR COM A DANI SOBRE ESSAS ,"
"CAMILA -,Feedback,,Não teve,Aprovada,Cliente,""R$ 2.078,00"",Oferecer arte,,"
"LEANDRO SANTO,-12040,398.112,Não teve,Aprovada,Cliente,""R$ 194,00"",Feedback,,"
"ANDRÉ ZALCMAN ,12021,398.111,Teve,Aprovada,Cliente,""R$ 329,00"",Aprovada sem feedback,,"
": Leo Antunes,12036,398096,Teve,Aprovada,Cliente,""R$ 1.455,00"",Feedback,,"
"MAURO CEZAR RODRIGUES ,12045,398.137,Não teve,Aprovada,AD creator,""R$ 452,00"",AD CREATOR,,"
"MARKETING ARQUITETURA HUM,-11937,398.109,Não teve,Aprovada,Cliente,""R$ 3.998,00"",Feedback,,"
"MARCO PAULO FERNANDES,-12037,398110,Teve,Aprovada,AD creator,""R$ 194,00"",AD CREATOR,,"
29/05/2025,,,,,,,,,
Cliente do Henrique - Patricia Melo Bezerra,-,303566,Teve,Ação necessária,Cliente,-,Feedback,https://www.canva.com/design/DAGo29KIOUE/HpJXHormQAB8z9nZLnKyHQ/edit,
"DEBORAH LUIZA BELLINI LTD ,12032,398.046,Não teve,Aprovada,AD creator,""R$ 323,00"",,,"
"ALTAIR RIBEIROLTAIR RIBEI - [,12030,398.042,Teve,Aprovada,Cliente,""R$ 198,00"",Aprovada sem feedback,,"
CLAUDIA GAMA LICIO -,12023,,,,,,,,
"ALTTO DESIGN COM E REFORM,12002,397.946,Teve,Aprovada,Cliente,""R$ 3.569,00"",Feedback,,"
"FABRÍCIO VIDAL ,10532,397.967,Teve,Aprovada,Cliente,""R$ 244,00"",Feedback,,"
"MITRA ARQUIDIOCESANA DE ,12011,397.888,Teve,Aprovada,Cliente,""R$ 2.552,00"",Oferecer arte,,"
"GRUPO DH ,-11953,397.961,Teve,Aprovada,Cliente,""R$ 581,00"",Aprovado sem feecback,,"
"ANA NERY,11655,397.872,Não teve,Aprovada,Cliente,""R$ 6.334,00"",Aprovado sem feecback,,"
"VAGNER SOUZA ,12007,397.855,Não teve,Aprovada,Cliente,""R$ 323,00"",Aprovado sem feecback,,"
"VANESSA SABINO DE FREITAS,11611,397.876,Não teve,Aprovada,Designer,""R$ 678,00"",Aprovado sem feecback,,"
"HUSQVARNA DO BRASIL INDUS,11929,""397,555"",Teve,Aprovada,Cliente,""R$ 740,00"",Aprovado sem feecback,,"
"HUSQVARNA DO BRASIL INDUS,11930,""397,555"",Teve,Aprovada,Cliente,""R$ 825,00"",Aprovado sem feecback,,"
"DIX AGENCIA DE VIAGEM E T -,-11938,397.187,Não teve,Aprovada,Designer,""R$ 6.658,00"",Aprovado sem feecback,,"
28/05/2025,,,,,,,,,
"SALMERON CARDOSO,-11982,""397,84"",Não teve,Aprovada,Cliente,""R$ 549,00"",Enviado Antonio,,"
"SALMERON CARDOSO,11983,""397,838"",Não teve,Aprovada,Cliente,""R$ 849,00"",Enviado Antonio,,"
"SALMERON CARDOSO,11984,""397,839"",Não teve,Aprovada,Cliente,""R$ 849,00"",Enviado Antonio,,"
"ROBERTO FERREIRA -,12001,""397,77"",Teve,Aprovada,Aguardando,""R$ 99,00"",Enviado Antonio,,"
"KLEBER PEDRAZZI NUNES ,12000,""397,722"",Não teve,Aprovada,AD creator,""R$ 627,00"",Ad creator,,"
"CLINICA DAIA VENTURIERI L ,11996,""397,685"",Não teve,Aprovada,Cliente,""R$ 4.382,00"",Aprovado sem ressalvas ,,"
"KSHBEYONDBR - ,-11994,""397,671"",Teve,Aprovada,Cliente,""R$ 1.874,00"",Aprovado sem ressalvas ,,"
"STREETOPIA COMUNICACAO E ,11966,""397,418"",Não teve,Aprovada,Cliente,""R$ 699,00"",Aprovado sem ressalvas ,,"
"SIDNEI TEIXEIRA RODRIGUES ,11939,""397,407"",Não teve,Aprovada,Cliente,""R$ 5.571,00"",Aprovado sem ressalvas ,,"
"RAFAEL MARTINEZ ,-11988,""397,556"",Não teve,Aprovada,Cliente,""R$ 504,00"",Talvez dar um feedback ,,"
"CONDOVEL GESTÃO IMOBILIÁR ,11791,""397,652"",Não teve,Aprovada,Designer,""R$ 1.804,00"",Aprovada sem ressalvas,,"
"CRISTOPHER RECINDIVI MART,11970,""397,456"",Não teve,Aprovada,Cancelada,""1,94"",CANCELADA TESTE,,"
"GAR CONSULTORIA EM PLANEJ - ,11967,""397,427"",Teve,Aprovada,Cliente,""R$ 359,00"",Feedback,,"
"TEMON TECNICA DE MONTAGEN,11877,""397,32"",Não teve,Aprovada,Cliente,""R$ 4.382,00"",Aprovada sem feedback,,"
"ALESSANDRO PIRES DA COSTA,11971,""397,486"",Teve,Aprovada,Cliente,""R$ 99,00"",Feedback,,"
"HUSQVARNA DO BRASIL INDUS,11930,""397,555"",Não teve,Aprovada,Cliente,""R$ 825,00"",Aprovado sem feecback,,"
"WLAMIR BECKER ALVES ,11964,""397,439"",Não teve,Aprovada,Cliente,""R$ 323,00"",Oferecemos arte mas recusou,,"
"PATRÍCIA NASCIMENTO,11961,""397,406"",Não teve,Aprovada,Cliente,""R$ 582,00"",feedbck,,"
"P2P INTELIGENCIA LTDA,11948,""397,527"",Não teve,Aprovada,Cliente,""R$ 2.537,00"",Aprovado sem feecback,,"
"KRISTAL GOVERNANCA TRIBUT -,11960,""397,404"",Não teve,Aprovada,Cliente,""R$ 1.034,00"",feedback,,"
"OCULAR ZONA SUL ,-11897,""397,493"",Teve,Aprovada,Cliente,""R$ 1.108,00"",feedback,,"
27/05/2025,,,,,,,,,
"GMM ODONTOLOGIA LTDA,11957,397.365,Não teve,Aprovada,Designer,""R$ 646,00"",Feedback,,"
"MOONLIGHT COFFEE CAFETE,11867,397.438,Não teve,Aprovada,Cliente,""R$ 820,00"",Aprovado sem feecback,,"
"LABELLA GUTY PIZZARIA DEL -,11968,397432,Não teve,Aprovada,Aguardando,""R$ 1.164,00"",Oferecemos mídia ,,"
"CAMILA CAMARGO -,-11963,397.413,Teve,Aprovada,Cliente,""R$ 69,00"",feedback,,"
"ARLETE DAS GRAÇAS MOREIRA -,11958,397.395,Não teve,Aprovada,Cliente,""R$ 7,00"",feedback,,"
"AMV HIGIENIZAÇÃO DE ESTOF ,11918,397066,Teve,Aprovada,AD creator,""R$ 194,00"",Ad creator,,"
"ARLETE DAS GRAÇAS MOREIRA -,11955,397.297,Não teve,Aprovada,Cliente,""R$ 7,00"",feedback,,"
"ARLETE DAS GRAÇAS MOREIRA -,11954,397.296,Não teve,Aprovada,Cliente,""R$ 7,00"",feedback,,"
"DENISE DE CASTRO LYRA GUI -,-11946,397.292,Não teve,Aprovada,AD creator,""R$ 198,00"",Ad creator,,"
"LUIZ PAULO DOS SANTOS CAR,11947,397275,Não teve,Aprovada,Cliente,""R$ 323,00"",feedback ,,"
"SPACO AURA TERAPIAS INTE,11936,397156,Teve,Aprovada,Cliente,""R$ 4.197,00"",feedback ,,"
26/05/2025,,,,,,,,,
"RODRIGO TOSCANO DE BRITO,11838,396.358,Teve,Aprovada,Cliente,""R$ 283,00"",feedback,,"
"RODRIGO MOCHNACZ,11932,397094,Teve,Aprovada,Cliente,""R$ 388,00"",feedback,,"
"FERNANDO DAMIÃO MARCONDES - [S,11696,395.572,Não teve,Aprovada,Cliente,""R$ 4.697,00"",feedback,,"
"PORTUNO FITNESS 1 LTDA -,-11919,397.059,Não teve,Aprovada,Cliente,""R$ 2.290,00"",Oferecemos arte,,"
"SELMA PEREIRA PIZZARIA LT ,11921,397.064,Não teve,Aprovada,Cliente,""R$ 388,00"",Aprovada sem ,,"
"GIOVANNA BATISTA DA SILVA,11922,397.065,Teve,Aprovada,Cliente,""R$ 2.716,00"",Aprovada sem ,,"
"DUTRA CASTELLÕES MODA CIR -,-11806,396.206,Teve,Aprovada,Cliente,""R$ 516,00"",feedback,,"
"CENTRO AVANCADO DE FISIOT - ,-11925,397.071,Não teve,Aprovada,Cliente,""R$ 4.460,00"",Aprovada sem ,,"
"CLINICA VICCI REABILITACA,11916,397.058,Não teve,Aprovada,Cliente,""R$ 2.031,00"",Aprovada sem ,,"
"RENATO ORLANDO TOMEI - [,11913,397.055,Não teve,Aprovada,Cliente,""R$ 729,00"",feedback,,"
"RENATO ORLANDO TOMEI ,-11914,397.054,Não teve,Aprovada,Cliente,""R$ 599,00"",feedback,,"
"ASSISTÊNCIA E PROMOÇÃO SO,11832,396614,Não teve,Aprovada,Cliente,""R$ 10.158,00"",Aprovada sem ,,"
"RICARDO RIBEIRO CAFETERIA ,11817,396.982,Teve,Aprovada,Cliente,""R$ 323,00"",feedback,,"
"MARIA CAROLINA PEDROSA EI -,11899,396.937,Não teve,Aprovada,Cliente,""R$ 279,00"",feedback,,"
"MARCELO GIOVANNETTI -,11893,396.807,Não teve,Aprovada,Cliente,""R$ 323,00"",feedback,,"
23/05/2025,,,,,,,,,
"STUDIO SKY TATTOO LTDA -,11733,395794,Teve,Aprovada,Cliente,""R$ 549,00"",feedback,,"
"CAFE DE PARIS RESTAURANTE,11896,396.872,Teve,Aprovada,Cliente,""R$ 3.996,00"",Aprovado sem feedback ,,"
"SAO FLORES PRESENTES ONLI ,11895,396.848,Não teve,Aprovada,Cliente,""R$ 329,00"",feedback,,"
"SIDDHARTA PEREIRA PINTO J ,11892,396.791,Não teve,Aprovada,Cliente,""R$ 236,00"",Feedback,,"
"DANYELLE LOSA CONSULTORIA ,-11859,396.897,Não teve,Aprovada,Cliente,""R$ 3.049,00"",Feedback,,"
"RAINHA DO DERBY PADARIA ,11887,,Não teve,,Designer,""R$ 16.500,00"",designer,,"
"DANIELLE DE LIMA MARTINS ,-11834,396.310,Não teve,Aprovada,Cliente,""R$ 1.497,00"",,,"
"BRAZ IMÓVEIS,11889,396.765,Teve,Aprovada,Cliente,""R$ 274,00"",Feedback,,"
"MARILETA COMERCIO DE MODA,-11888,396.762,Não teve,Aprovada,Cliente,""R$ 198,00"",Feedback,,"
"ANDRE DE ALMEIDA DORICO ,-11820,396.268,Não teve,Aprovada,Cliente,""R$ 455,00"",Feedback,,"
"CAROLINE SERRA - ,11883,396.722,Não teve,Aprovada,Cliente,""R$ 194,00"",Feedback,,"
"MOONLIGHT COFFEE CAFETERI ,11865,396.691,Não teve,Aprovada,Cliente,""R$ 978,00"",Aprovado sem feedback ,,"
"MOONLIGHT COFFEE CAFETER,11869,396.702,Não teve,Aprovada,Cliente,""R$ 2.569,00"",Aprovado sem feedback ,,"
"MOONLIGHT COFFEE CAFETER,11862,396.701,Não teve,Aprovada,Cliente,""R$ 3.587,00"",Aprovado sem feedback ,,"
"FS BAR BRASILIA LTDA ,11796,396.734,Não teve,Aprovada,Cliente,""R$ 1.078,00"",Feedback,,"
"MOONLIGHT COFFEE CAFETERI ,11863,396.698,Não teve,Aprovada,Cliente,""R$ 1.539,00"",Aprovado sem feedback ,,"
"MOONLIGHT COFFEE CAFETERI ,11870,396.699,Não teve,Aprovada,Cliente,""R$ 2.216,00"",Aprovado sem feedback ,,"
"J.P.B.B. PROMOCAO DE VEND,11880,396.681,Não teve,Aprovada,Cliente,""R$ 323,00"",Cliente negou arte,,"
"ROFELUCLA OTICA LTDA,11755,396.735,Não teve,Aprovada,Cliente,""R$ 274,00"",Feedback,,"
22/05/2025,,,,,,,,,
"LUCAS CRUZ, 11874 ],396612,Teve,Aprovada,Cliente,""R$ 194,00"",Feedback,,"
"CB OSASCO COMERCIO DE ALI ,11853,396.540,Teve,Aprovada,Cliente,""R$ 2.034,00"",mídia shopping,,"
"VITA LONGA CUIDADOS DOMIC,11873,396602,Não teve,Aprovada,Cliente,""R$ 629,00"",Feedback,,"
"VIX RADIOLOGIA,11868,396592,Não teve,Aprovada,Cliente,""R$ 198,00"",Feedback,,"
"HELIO RODRIGO DE OLIVEIRA,11860,396581,Teve,Aprovada,Cliente,""R$ 194,00"",feedback,,"
"VIX RADIOLOGIA,-11864,396.588,Teve,Aprovada,Cliente,""R$ 88,00"",Feedback,,"
"JOSÉ ELIAS - [,-11854,396.541,Não teve,Aprovada,Cliente,""R$ 194,00"",Feedback mas sem contato telefonico,,"
"REGINALDO APARECIDO TIBUR ,11808,396.211,Não teve,Aprovada,Designer,""R$ 275,00"",Arte designer,,"
"GUSTAVO DUARTE PIMENTEL,11858,395.034,Não teve,Aprovada,Cliente,""R$ 174,00"",Feedback,,"
"REGINALDO APARECIDO TIBUR,11809,396.212,Não teve,Aprovada,Designer,""R$ 1.022,00"",Arte designer,,"
"DEBORAH KITASATO ,11855,396.543,Teve,Aprovada,Cliente,""R$ 4.199,00"",Feedback,,"
"PUPILA LENTES DE CONTATO,11852,396515,Não teve,Aprovada,Designer,""R$ 299,00"",Arte designer,,"
"LEILÃO ELETRÔNICO ZUKERMA,11813,396.471,Não teve,Aprovada,Cliente,""R$ 194,00"",Feedback,,"
"LEILÃO ELETRÔNICO ZUKERMA,11812,396.470,Não teve,Aprovada,Cliente,""R$ 323,00"",Feedback,,"
"LEILÃO ELETRÔNICO ZUKERMA,11814,396472,Não teve,Aprovada,Cliente,""R$ 323,00"",Feedback,,"
"LEILÃO ELETRÔNICO ZUKERMA,11811,396469,Não teve,Aprovada,Cliente,""R$ 323,00"",Feedback,,"
21/05/2025,,,,,,,,,
"ELEINE RIANHO -,-11850,396.500,Não teve,Aprovada,AD creator,""R$ 323,00"",AD CREATOR,,"
"ELEINE RIANHO -,11828,396292,Não teve,Aprovada,AD creator,""R$ 323,00"",AD CREATOR,,"
"N. EDUCACIONAL LTDA ,11842,396443,Não teve,Aprovada,Cliente,""R$ 1.033,00"",Aprovado sem feedback ,,"
"RADIOLINEA CENTRO DE IMAG,11780,396455,Não teve,Aprovada,Cliente,""R$ 3.733,00"",Aprovado sem feedback ,,"
"RODRIGO QUEIROZ SANTOS ,11841,396437,Não teve,Aprovada,Cliente,""R$ 921,00"",Feedback,,"
" BRIGHT BRAINS LTDA,11745,396267,Teve,Aprovada,Cliente,""R$ 12,317.00"",Feedback ,,"
"UNIC DERMA LTD,11658,395544,Não teve,Aprovada,Cliente,""R$ 3.824,00"",Aprovado sem feedback ,,"
"VIX RADIOLOGIA,11795,396129,Não teve,Aprovada,Cliente,""R$ 9,00"",Criação nossa,,"
"ZEZINHO M AUTOMÓVEIS LTDA,11790,396124,Não teve,Aprovada,Cliente,""R$ 2.072,00"",Feedback,,"
"J.P.B.B. PROMOCAO DE VEND,11839,396371,Não teve,Aprovada,Cliente,""R$ 323,00"",Cliente negou arte,,"
"ALEGROW CONVENIÊNCIA LTDA ,11785,396359,Teve,Aprovada,Cliente,""R$ 4.296,00"",Aprovado sem feedback ,,"
"NEW GOLD,11819,396304,Não teve,Aprovada,Cliente,""R$ 500,00"",Feedback,,"
20/05/2025,,,,,,,,,
"AVANTI INTERMEDIACOES DE ,11825,,Não teve,Aprovada,Cliente,""R$ 7.597,00"",,,"
"AVANTI INTERMEDIACOES DE,11822,,Não teve,Aprovada,Cliente,""R$ 10.013,00"",,,"
"CEL.LEP ENSINO DE IDIOMAS,11821,396.272,Não teve,Aprovada,Cliente,""R$ 906,00"",feedback,,"
"ALEXANDRE FARIA,11818,396258,Não teve,Aprovada,AD creator,""R$ 323,00"",Ad ,,"
"MK CONCEPT CABELEIREIROS , 11671 ],396286,Não teve,Aprovada,Designer,""R$ 9.780,00"",Aprovado sem feedback ,,"
"MOTA & LUZ COMERCIO DE SE ,11782,396280,Não teve,Aprovada,Cliente,""R$ 599,00"",Aprovado sem feedback ,,"
"ERIKA ACADEMIA LTDA,11803,396195,Teve,Aprovada,Cliente,""R$ 969,00"",Oferecemos arte,,"
"ESPACO A.S. TERAPIAS,11801,396152,Não teve,Aprovada,Cliente,""R$ 646,00"",Oferecer?,,"
"MKT CORRETORA E ADM DE SE,11781,396180,Não teve,Aprovada,Cliente,""R$ 1.712,00"",Aprovado sem feedback ,,"
"DAREDE SERVICOS DE TI LTD ,11754,396122,Não teve,Aprovada,Cliente,""R$ 3.510,00"",,,"
"TROCA DE OLEO PARQUE SAO,11742,395.842,Não teve,Aprovada,Designer,""R$ 3.824,00"",,,"
"LEONARDO JOSÉ CAVALIERE,11280,391.796,Não teve,Aprovada,Designer,""R$ 2.636,00"",,,"
"FÁBIO -,11771,396028,Não teve,Aprovada,Cliente,""R$ 6.898,00"",Oferecemos arte,,"
"BOUTIQUE M5 ,11763,396024,Não teve,Aprovada,Cliente,""R$ 1.358,00"",feedback,,"
19/05/2025,,,,,,,,,
DAIKOKU RH,11799,396.135,Teve,Aprovada,Aguardando,,,,
"ADRIANO MELO,11784,396113,Teve,Aprovada,Aguardando,""R$ 349,00"",Oferecemos arte,,"
"PAULO DAILION MOTTA CARDO ,11773,396034,Teve,Aprovada,Aguardando,""R$ 274,00"",Oferecemos arte,,"
"SP INVESTIMENTOS,11766,396027,Teve,Aprovada,Aguardando,""R$ 1.647,00"",Oferecemos arte,,"
"MIKE ROBERT SOUZA,11668,395239,Não teve,Aprovada,Cliente,""R$ 290,00"",Aprovada com ressalvas,,"
"PROTOVERTEBRA QUIROPRAXIA ,246,395993,Não teve,Aprovada,Cliente,""R$ 498,00"",Aprovada com ressalvas,,hbombonato@protoquiro.com.br"
"DIOGO YAMADA ASSIS,11777,396087,Não teve,Aprovada,Cliente,""R$ 188,00"",feedback,,"
"JOMAF CONTABILIDADE LTDA,11447,393516,Teve,Aprovada,Cliente,""R$ 718,00"",feedback,,"
"CLEYTON GONÇALVES CARREGA,11774,396037,Não teve,Aprovada,Cliente,""R$ 174,00"",Feedback ,,"
"PARIS RIO VEICULOS LTDA,11693,396023,Não teve,Aprovada,Cliente,""R$ 1.653,00"",Aprovado sem feedback ,,"
"VINICIUS LAENDER -,11725,395733,Não teve,Aprovada,Designer,""R$ 323,00"",Oferecemos arte,,"
"FÁBIO,11771,396028,Não teve,Aprovada,AD creator,""R$ 698,00"",AD creator,,"
"Centro clinico evolluir,11765,396026,Não teve,Aprovada,Aguardando,""R$ 388,00"",Oferecemos arte,,"
"DANIELA MARTINS ,11757,396.017,Não teve,Aprovada,AD creator,""R$ 174,00"",Ad creator,,"
"LA LUNA SERVICOS DE BELEZ ,-11764,396025,Não teve,Aprovada,Cliente,""R$ 2.092,00"",Feedback ,,"
"THIAGO CERUCCI -,11751,395948,Não teve,Aprovada,Cliente,""R$ 194,00"",Feedback,,"
16/05/2025,,,,,,,,,
"BRUNO CAMARA TRINDADE,11739,395908,Não teve,Aprovada,Cliente,""R$ 479,00"",Aprovado sem feedback ,,"
"FABRICIO OLIVEIRA - [,11746,395872,Não teve,Aprovada,AD creator,""R$ 194,00"",,,"
"SEMPRE BELA SERVICOS DE B ,11744,395856,Não teve,Aprovada,Cliente,""R$ 2.205,00"",Aprovado sem feedback ,,"
"KARINA YAEKO,11713,395740,Não teve,Aprovada,AD creator,""R$ 699,00"",Aprovado sem feedback ,,"
"JAQUELINE MONGE MENEZES,11741,395840,Não teve,Aprovada,Cliente,""R$ 329,00"",Feedback ,,"
"DESIGN COMUNICATIVO,11730,395785,Teve,Aprovada,Cliente,""R$ 581,00"",Feedback ,,"
"DOGLAS OLIVEIRA SANTANA,11737,395801,Não teve,Aprovada,Cliente,""R$ 140,00"",Oferecemos arte,,"
"STONE BARBEARIA LTDA ,-11740,395831,Não teve,Aprovada,Cliente,""R$ 239,00"",Aprovado sem feedback ,,"
"JOAO FAIRBANKS DE SA GAIT - ,11720,395728,Não teve,Aprovada,Cliente,""R$ 829,00"",Aprovado sem feedback ,,"
"FERREIRA E BARBOSA NEGÓCI,11735,395799,Não teve,Aprovada,Designer,""R$ 5.526,00"",Oferecemos arte,,"
"ROFELUCLA OTICA LTDA,11353,392434,Não teve,Aprovada,Cliente,""R$ 521,00"",Feedback ,,"
"BARONESA DO GAS & TUNINHO,-11706,395582,Teve,Aprovada,Designer,""R$ 3.100,00"",Oferecemos arte,,"
15/05/2025,,,,,,,,,
"JESSICA DOS SANTOS DIAS,11711,395613,Teve,Aprovada,Cliente,""R$ 466,00"",Feedback,,"
"ANDERSON SARAIVA - CORRET ,11722,395692,Não teve,Aprovada,Cliente,""R$ 174,00"",Feedback,,"
"MIECIO MARTINS CORDEIRO J ,11717,395630,Teve,Aprovada,Cliente,""R$ 160,00"",Feedback,,"
"KAZUMI ALIMENTOS LTDA ,11712,395619,Teve,Aprovada,Cliente,""R$ 581,00"",Oferecemos arte,,"
"SHEILA GIMENES PECCIOLLI ,11705,395566,Não teve,Aprovada,Cliente,""R$ 1.453,00"",Aprovado sem feedback ,,"
"CRESCENZA FORNECIMENTO DE ,11700,395522,Não teve,Aprovada,Cliente,""R$ 1.345,00"",Aprovado sem feedback ,,"
14/05/2025,,,,,,,,,
"DUNAS RACE PROMOÇÕES S.A,11707,395593,Teve,Aprovada,Cliente,""R$ 199,00"",Aprovado sem feedback ,,"
"LUKAS EHMKE,11544,395406,Não teve,Aprovada,Designer,""R$ 1.241,00"",Oferecemos arte,,"
"MONDELO E BAKALEIKO CONSU ,11699,395588,Não teve,Aprovada,Cliente,""R$ 290,00"",Feedback ,,"
"D. BASTREGHI E CIA LTDA ,11701,395553,Não teve,Aprovada,Designer,""R$ 199,00"",Oferecemos arte,,"
"AIRTON RODRIGUES,11695,395487,Não teve,Aprovada,Aguardando,""R$ 396,00"",Oferecemos arte ,,"
"LUIZA BRAZ,11698,395502,Não teve,Aprovada,Cliente,""R$ 164,00"",,,"
"CLEBER LUIZ FERREIRA,11672,395256,Não teve,Aprovada,Cliente,""R$ 549,00"",Aprovado sem feedback ,,"
"D. BASTREGHI E CIA LTDA ,11701,395553,Não teve,Aprovada,Aguardando,""R$ 199,00"",Oferecemos arte ,,"
